{"cameraMode":{"drawMode":0,"name":"Shaded","section":"Shading Mode"},"sceneLighting":true,"audioPlay":false,"sceneViewState":{"showFog":true,"showMaterialUpdate":false,"showSkybox":true,"showFlares":true,"showImageEffects":true,"showParticleSystems":true},"in2DMode":false,"pivot":{"x":2.7565956115722658,"y":-12.342422485351563,"z":1.871429443359375},"rotation":{"x":-0.08808298408985138,"y":0.9108644723892212,"z":-0.26124221086502077,"w":-0.30711567401885989},"size":38.41477966308594,"orthographic":false}