{"cameraMode":{"drawMode":0,"name":"Shaded","section":"Shading Mode"},"sceneLighting":true,"audioPlay":false,"sceneViewState":{"showFog":true,"showMaterialUpdate":false,"showSkybox":true,"showFlares":true,"showImageEffects":true,"showParticleSystems":true},"in2DMode":false,"pivot":{"x":1.9373703002929688,"y":-9.742204666137696,"z":0.6259098052978516},"rotation":{"x":-0.07570309191942215,"y":0.920822024345398,"z":-0.22564250230789185,"w":-0.30893534421920779},"size":38.41477966308594,"orthographic":false}